60.0,30,0,0,0,0,0,0,0,1374,0.5,0.18333333333333332,41.850000000000001,1141.0636438000004,3.40000000000155e-06,0.0
2.0,-,61585,1,62749,rejected,no
4.0,-,7770,0,7816,rejected,no
6.0,-,70020,0,70067,rejected,no
8.0,-,86078,0,86123,rejected,no
10.0,-,37033,0,37080,rejected,no
12.0,-,44295,0,44314,rejected,no
14.0,-,48473,0,0,-,no
16.0,-,34334,0,0,-,no
18.0,-,39949,0,0,-,no
20.0,-,24521,0,0,-,no
22.0,-,25576,0,0,-,no
24.0,-,11135,0,0,-,no
26.0,-,82427,0,0,-,no
28.0,-,12345,0,0,-,no
30.0,-,36489,0,0,-,no
32.0,-,79286,0,0,-,no
34.0,-,57365,0,0,-,no
36.0,-,2504,0,0,-,no
38.0,-,66301,0,0,-,no
40.0,-,24598,0,0,-,no
42.0,-,24059,0,0,-,no
44.0,-,58,0,0,-,no
46.0,-,41811,0,0,-,no
48.0,-,16200,0,0,-,no
50.0,-,20834,0,0,-,no
52.0,-,79035,0,0,-,no
54.0,-,45137,0,0,-,no
56.0,-,28357,0,0,-,no
58.0,-,26800,0,0,-,no
60.0,-,67645,0,0,-,no
2.000016,-,[1421],0,accepted,no,1,2511
2.041683,2.00022,[1430],0,rejected,no,2,0
2.125017,-,[670],0,rejected,no,4,0
2.166684,-,[27],0,rejected,no,6,0
2.208351,-,[43],0,rejected,no,8,0
2.250018,-,[747],0,rejected,no,10,0
2.291685,-,[1414],0,rejected,no,11,0
2.333352,-,[1426],0,rejected,no,12,0
2.375019,-,[526],0,rejected,no,14,0
2.416686,-,[1388],0,rejected,no,15,0
2.458353,-,[1150],0,rejected,no,16,0
2.50002,-,[369],0,rejected,no,20,0
2.541687,-,[1282],0,rejected,no,21,0
2.583354,-,[1416],0,rejected,no,22,0
2.625021,-,[559],0,rejected,no,24,0
2.666688,-,[11],0,rejected,no,26,0
2.708355,-,[1431],0,rejected,no,27,0
2.750022,-,[509],0,rejected,no,29,0
2.791689,-,[24],0,rejected,no,31,0
2.833356,-,[66],0,rejected,no,33,0
2.875023,-,[437],0,rejected,no,35,0
2.91669,-,[1402],0,rejected,no,36,0
2.958357,-,[1430],0,rejected,no,37,0
3.000024,-,[358],0,rejected,no,41,0
3.041691,-,[1408],0,rejected,no,42,0
3.083358,-,[1329],0,rejected,no,43,0
3.125025,-,[326],0,rejected,no,45,0
3.166692,-,[203],0,rejected,no,47,0
3.208359,-,[553],0,rejected,no,49,0
3.250026,-,[1028],0,rejected,no,53,0
3.291693,-,[95],0,rejected,no,55,0
3.33336,-,[323],0,rejected,no,57,0
3.375027,-,[686],0,rejected,no,59,0
3.416694,-,[1],0,rejected,no,61,0
3.458361,-,[1472],0,rejected,no,62,0
3.500028,-,[726],0,rejected,no,66,0
3.541695,-,[72],0,rejected,no,68,0
3.583362,-,[322],0,rejected,no,70,0
3.625029,-,[322],0,rejected,no,72,0
3.666696,-,[56],0,rejected,no,74,0
3.708363,-,[1456],0,rejected,no,75,0
3.75003,-,[536],0,rejected,no,77,0
3.791697,-,[45],0,rejected,no,79,0
3.833364,-,[50],0,rejected,no,81,0
3.875031,-,[433],0,rejected,no,83,0
3.916698,-,[1496],0,rejected,no,84,0
3.958365,-,[44],0,rejected,no,86,0
4.000032,-,[1433],1,rejected,no,87,0
4.041699,-,[1021],1,rejected,no,88,0
4.083366,-,[991],1,rejected,no,89,0
4.125033,-,[1398],1,rejected,no,90,0
4.208367,-,[884],1,rejected,no,91,0
4.250034,-,[872],1,rejected,no,92,0
4.291701,-,[405],1,rejected,no,95,0
4.333368,-,[964],1,rejected,no,96,0
4.375035,-,[954],1,rejected,no,97,0
4.416702,-,[1390],1,rejected,no,98,0
4.458369,-,[927],1,rejected,no,99,0
4.500036,-,[936],1,rejected,no,100,0
4.541703,-,[1293],1,rejected,no,101,0
4.58337,-,[1120],1,rejected,no,102,0
4.625037,-,[1166],1,rejected,no,103,0
4.666704,-,[303],1,rejected,no,105,0
4.708371,-,[1231],1,rejected,no,106,0
4.750038,-,[1180],1,rejected,no,107,0
4.791705,-,[581],1,rejected,no,110,0
4.833372,-,[1120],1,rejected,no,111,0
4.875039,-,[1176],1,rejected,no,112,0
4.916706,-,[103],1,rejected,no,114,0
4.958373,-,[1052],1,rejected,no,115,0
5.00004,-,[1098],1,rejected,no,116,0
5.041707,-,[1404],1,rejected,no,117,0
5.083374,-,[903],1,rejected,no,118,0
5.125041,-,[1016],1,rejected,no,119,0
5.166708,-,[1347],1,rejected,no,120,0
5.208375,-,[1049],1,rejected,no,121,0
5.250042,-,[973],1,rejected,no,122,0
5.291709,-,[420],1,rejected,no,125,0
5.333376,-,[1090],1,rejected,no,126,0
5.375043,-,[1100],1,rejected,no,127,0
5.41671,-,[185],1,rejected,no,129,0
5.458377,-,[1153],1,rejected,no,130,0
5.500044,-,[1111],1,rejected,no,131,0
5.541711,-,[296],1,rejected,no,133,0
5.583378,-,[1091],1,rejected,no,134,0
5.625045,-,[1044],1,rejected,no,135,0
5.666712,-,[126],1,rejected,no,137,0
5.708379,-,[1099],1,rejected,no,138,0
5.750046,-,[1093],1,rejected,no,139,0
5.791713,-,[293],1,rejected,no,142,0
5.83338,-,[1258],1,rejected,no,143,0
5.875047,-,[1281],1,rejected,no,144,0
5.916714,-,[590],1,rejected,no,146,0
5.958381,-,[1248],1,rejected,no,147,0
6.000048,-,[627],2,rejected,no,153,0
6.041715,-,[233],2,rejected,no,157,0
6.083382,-,[143],2,rejected,no,161,0
6.125049,-,[1254],2,rejected,no,165,0
6.166716,-,[72],2,rejected,no,169,0
6.208383,-,[1],2,rejected,no,173,0
6.25005,-,[371],2,rejected,no,177,0
6.291717,-,[995],2,rejected,no,180,0
6.333384,-,[22],2,rejected,no,184,0
6.375051,-,[826],2,rejected,no,188,0
6.416718,-,[1430],2,rejected,no,191,0
6.458385,-,[1104],2,rejected,no,194,0
6.500052,-,[262],2,rejected,no,200,0
6.541719,-,[1373],2,rejected,no,203,0
6.583386,-,[1084],2,rejected,no,206,0
6.625053,-,[757],2,rejected,no,210,0
6.66672,-,[1488],2,rejected,no,212,0
6.708387,-,[67],2,rejected,no,215,0
6.750054,-,[715],2,rejected,no,219,0
6.791721,-,[357],2,rejected,no,222,0
6.833388,-,[990],2,rejected,no,225,0
6.875055,-,[1199],2,rejected,no,229,0
6.916722,-,[722],2,rejected,no,232,0
6.958389,-,[562],2,rejected,no,235,0
7.000056,-,[412],2,rejected,no,241,0
7.041723,-,[372],2,rejected,no,244,0
7.08339,-,[490],2,rejected,no,247,0
7.125057,-,[736],2,accepted,no,251,0
7.166724,-,[428],2,rejected,no,4,0
7.208391,-,[1112],2,rejected,no,4,0
7.250058,-,[954],2,rejected,no,7,0
7.291725,-,[18],2,rejected,no,11,0
7.333392,-,[244],2,rejected,no,14,0
7.375059,-,[543],2,rejected,no,17,0
7.416726,-,[195],2,rejected,no,20,0
7.458393,-,[587],2,rejected,no,23,0
7.50006,-,[418],2,rejected,no,29,0
7.541727,-,[1496],2,rejected,no,31,0
7.583394,-,[1488],2,rejected,no,33,0
7.625061,-,[1201],2,rejected,no,36,0
7.666728,-,[531],2,rejected,no,39,0
7.708395,-,[363],2,rejected,no,42,0
7.750062,-,[825],2,rejected,no,46,0
7.791729,-,[760],2,rejected,no,49,0
7.833396,-,[617],2,rejected,no,52,0
7.875063,-,[945],2,rejected,no,56,0
7.91673,-,[450],2,rejected,no,59,0
7.958397,-,[677],2,rejected,no,62,0
8.000064,-,[1327],3,rejected,no,65,0
8.041731,-,[44],3,rejected,no,70,0
8.083398,-,[379],3,rejected,no,74,0
8.166732,-,[4],3,rejected,no,78,0
8.208399,-,[1405],3,rejected,no,82,0
8.250066,-,[56],3,rejected,no,86,0
8.291733,-,[517],3,rejected,no,90,0
8.375067,-,[133],3,rejected,no,95,0
8.416734,-,[44],3,rejected,no,99,0
8.458401,-,[135],3,rejected,no,103,0
8.500068,-,[1093],3,rejected,no,109,0
8.541735,-,[21],3,rejected,no,113,0
8.583402,-,[158],3,rejected,no,117,0
8.625069,-,[10],3,rejected,no,122,0
8.666736,-,[1485],3,rejected,no,125,0
8.708403,-,[8],3,rejected,no,129,0
8.75007,-,[938],3,rejected,no,133,0
8.791737,-,[23],3,rejected,no,137,0
8.833404,-,[205],3,rejected,no,141,0
8.875071,-,[1073],3,rejected,no,145,0
8.916738,-,[1277],3,rejected,no,148,0
8.958405,-,[1239],3,rejected,no,151,0
9.000072,-,[982],3,rejected,no,157,0
9.041739,-,[736],3,rejected,no,160,0
9.083406,-,[1239],3,rejected,no,163,0
9.125073,-,[844],3,rejected,no,167,0
9.16674,-,[1204],3,rejected,no,170,0
9.208407,-,[81],3,rejected,no,174,0
9.250074,-,[1381],3,rejected,no,178,0
9.291741,-,[1366],3,rejected,no,181,0
9.333408,-,[1484],3,rejected,no,184,0
9.375075,-,[44],3,rejected,no,189,0
9.416742,-,[147],3,rejected,no,193,0
9.458409,-,[1402],3,rejected,no,196,0
9.500076,-,[758],3,rejected,no,202,0
9.541743,-,[968],3,rejected,no,205,0
9.58341,-,[509],3,rejected,no,208,0
9.625077,-,[1480],3,rejected,no,212,0
9.666744,-,[119],3,rejected,no,216,0
9.708411,-,[124],3,rejected,no,218,0
9.750078,-,[101],3,rejected,no,222,0
9.791745,-,[855],3,rejected,no,223,0
9.833412,-,[879],3,rejected,no,224,0
9.875079,-,[1314],3,rejected,no,225,0
9.916746,-,[679],3,rejected,no,226,0
9.958413,-,[591],3,rejected,no,227,0
10.00008,-,[1039],4,rejected,no,229,0
10.041747,-,[1267],4,rejected,no,231,0
10.083414,-,[1259],4,rejected,no,234,0
10.125081,-,[1177],4,rejected,no,236,0
10.166748,-,[1345],4,rejected,no,238,0
10.208415,-,[1308],4,rejected,no,241,0
10.250082,-,[1199],4,rejected,no,243,0
10.291749,-,[1236],4,rejected,no,245,0
10.333416,-,[1304],4,rejected,no,248,0
10.375083,-,[879],4,accepted,no,250,0
10.41675,-,[923],4,rejected,no,3,0
10.458417,-,[462],4,rejected,no,7,0
10.500084,-,[1391],4,rejected,no,9,0
10.541751,-,[1475],4,rejected,no,11,0
10.583418,-,[475],4,rejected,no,14,0
10.625085,-,[940],4,rejected,no,16,0
10.666752,-,[1079],4,rejected,no,18,0
10.708419,-,[966],4,rejected,no,21,0
10.750086,-,[813],4,rejected,no,23,0
10.791753,-,[1145],4,rejected,no,25,0
10.83342,-,[290],4,rejected,no,28,0
10.875087,-,[1060],4,rejected,no,30,0
10.916754,-,[720],4,rejected,no,32,0
10.958421,-,[361],4,rejected,no,38,0
11.000088,-,[975],4,rejected,no,40,0
11.041755,-,[1000],4,rejected,no,42,0
11.083422,-,[1073],4,rejected,no,45,0
11.125089,-,[950],4,rejected,no,47,0
11.166756,-,[881],4,rejected,no,49,0
11.208423,-,[585],4,rejected,no,52,0
11.25009,-,[1133],4,rejected,no,54,0
11.291757,-,[1098],4,rejected,no,56,0
11.333424,-,[101],4,rejected,no,60,0
11.375091,-,[1043],4,rejected,no,62,0
11.416758,-,[1262],4,rejected,no,64,0
11.458425,-,[687],4,rejected,no,70,0
11.500092,-,[1280],4,rejected,no,72,0
11.541759,-,[7],4,rejected,no,75,0
11.583426,-,[694],4,rejected,no,78,0
11.625093,-,[1360],4,rejected,no,80,0
11.66676,-,[1452],4,rejected,no,82,0
11.708427,-,[1128],4,rejected,no,85,0
11.750094,-,[181],4,rejected,no,88,0
11.791761,-,[664],4,rejected,no,91,0
11.833428,-,[542],4,rejected,no,95,0
11.875095,-,[1133],4,rejected,no,98,0
11.916762,-,[935],4,rejected,no,101,0
11.958429,-,[1351],4,rejected,no,106,0
12.000096,-,[356],5,rejected,no,109,0
12.041763,-,[1080],5,rejected,no,111,0
12.08343,-,[758],5,rejected,no,113,0
12.125097,-,[661],5,rejected,no,116,0
12.166764,-,[535],5,rejected,no,118,0
12.208431,-,[392],5,rejected,no,120,0
12.250098,-,[83],5,rejected,no,123,0
12.291765,-,[517],5,rejected,no,125,0
12.333432,-,[582],5,rejected,no,127,0
12.375099,-,[1146],5,rejected,no,132,0
12.416766,-,[477],5,rejected,no,134,0
12.458433,-,[410],5,rejected,no,136,0
12.5001,-,[1299],5,rejected,no,138,0
12.541767,-,[1173],5,rejected,no,143,0
12.583434,-,[649],5,rejected,no,148,0
12.625101,-,[347],5,rejected,no,158,0
12.666768,-,[769],5,rejected,no,162,0
12.708435,-,[510],5,rejected,no,167,0
12.750102,-,[979],5,rejected,no,172,0
12.791769,-,[817],5,rejected,no,176,0
12.833436,-,[675],0,rejected,no,180,0
12.875103,-,[133],0,rejected,no,182,0
12.91677,-,[139],0,rejected,no,184,0
12.958437,-,[444],0,rejected,no,186,0
13.000104,-,[1192],0,rejected,no,187,0
13.041771,-,[1165],0,rejected,no,188,0
13.083438,-,[182],0,rejected,no,190,0
13.125105,-,[1335],0,rejected,no,191,0
13.166772,-,[1212],0,rejected,no,192,0
13.208439,-,[472],0,rejected,no,194,0
13.250106,-,[1342],0,rejected,no,195,0
13.291773,-,[1377],0,rejected,no,196,0
13.33344,-,[641],0,rejected,no,200,0
13.375107,-,[1319],0,rejected,no,201,0
13.416774,-,[1400],0,rejected,no,202,0
13.458441,-,[298],0,rejected,no,204,0
13.500108,-,[1231],0,rejected,no,205,0
13.541775,-,[1177],0,rejected,no,206,0
13.583442,-,[262],0,rejected,no,208,0
13.625109,-,[1434],0,rejected,no,209,0
13.666776,-,[19],0,rejected,no,211,0
13.708443,-,[440],0,rejected,no,213,0
13.75011,-,[139],0,rejected,no,215,0
13.791777,-,[101],0,rejected,no,217,0
13.833444,-,[589],0,rejected,no,221,0
13.875111,-,[32],0,rejected,no,223,0
13.916778,-,[1463],0,rejected,no,224,0
13.958445,-,[464],0,rejected,no,226,0
14.000112,-,[1404],0,rejected,no,227,0
14.041779,-,[3],0,rejected,no,229,0
14.083446,-,[410],0,rejected,no,231,0
14.125113,-,[1440],0,rejected,no,232,0
14.16678,-,[1486],0,rejected,no,233,0
14.208447,-,[458],0,rejected,no,235,0
14.250114,-,[70],0,rejected,no,237,0
14.291781,-,[1394],0,rejected,no,238,0
14.333448,-,[597],0,rejected,no,242,0
14.375115,-,[1419],0,rejected,no,243,0
14.416782,-,[69],0,rejected,no,245,0
14.458449,-,[516],0,rejected,no,247,0
14.500116,-,[1272],0,rejected,no,248,0
14.541783,-,[1289],0,rejected,no,249,0
14.58345,-,[400],0,accepted,no,251,0
14.625117,-,[476],0,rejected,no,3,0
14.666784,-,[137],0,rejected,no,3,0
14.708451,-,[931],0,rejected,no,7,0
14.750118,-,[1342],0,rejected,no,8,0
14.791785,-,[1364],0,rejected,no,9,0
14.833452,-,[248],0,rejected,no,13,0
14.875119,-,[1290],0,rejected,no,14,0
14.916786,-,[1349],0,rejected,no,15,0
14.958453,-,[45],0,rejected,no,17,0
15.00012,-,[1290],0,rejected,no,18,0
15.041787,-,[1329],0,rejected,no,19,0
15.083454,-,[460],0,rejected,no,21,0
15.125121,-,[1248],0,rejected,no,22,0
15.166788,-,[1334],0,rejected,no,23,0
15.208455,-,[335],0,rejected,no,25,0
15.250122,-,[1476],0,rejected,no,26,0
15.291789,-,[1],0,rejected,no,28,0
15.333456,-,[289],0,rejected,no,32,0
15.375123,-,[63],0,rejected,no,34,0
15.41679,-,[1490],0,rejected,no,35,0
15.458457,-,[329],0,rejected,no,37,0
15.500124,-,[1322],0,rejected,no,38,0
15.541791,-,[1259],0,rejected,no,39,0
15.583458,-,[422],0,rejected,no,41,0
15.625125,-,[1320],0,rejected,no,42,0
15.666792,-,[1444],0,rejected,no,43,0
15.708459,-,[464],0,rejected,no,45,0
15.750126,-,[1445],0,rejected,no,46,0
15.791793,-,[1370],0,rejected,no,47,0
15.83346,-,[229],0,rejected,no,51,0
15.875127,-,[84],0,rejected,no,53,0
15.916794,-,[1318],0,rejected,no,54,0
15.958461,-,[248],0,rejected,no,56,0
16.000128,-,[1225],0,rejected,no,57,0
16.041795,-,[1297],0,rejected,no,58,0
16.083462,-,[349],0,rejected,no,60,0
16.125129,-,[1456],0,rejected,no,61,0
16.166796,-,[1320],0,rejected,no,62,0
16.333464,-,[205],0,rejected,no,64,0
16.375131,-,[1012],0,rejected,no,65,0
16.416798,-,[1046],0,rejected,no,66,0
16.458465,-,[262],0,rejected,no,70,0
16.500132,-,[120],0,rejected,no,72,0
16.541799,-,[425],0,rejected,no,74,0
16.583466,-,[1064],0,rejected,no,78,0
16.625133,-,[192],0,rejected,no,80,0
16.750134,-,[270],0,rejected,no,82,0
16.791801,-,[393],0,rejected,no,84,0
16.833468,-,[21],0,rejected,no,86,0
16.875135,-,[3],0,rejected,no,88,0
16.916802,-,[338],0,rejected,no,90,0
16.958469,-,[1269],0,rejected,no,91,0
17.000136,-,[1333],0,rejected,no,92,0
17.041803,-,[591],0,rejected,no,96,0
17.08347,-,[1461],0,rejected,no,97,0
17.125137,-,[1425],0,rejected,no,98,0
17.166804,-,[449],0,rejected,no,100,0
17.208471,-,[243],0,rejected,no,102,0
17.250138,-,[57],0,rejected,no,104,0
17.291805,-,[214],0,rejected,no,106,0
17.333472,-,[1447],0,rejected,no,107,0
17.375139,-,[123],0,rejected,no,109,0
17.416806,-,[300],0,rejected,no,111,0
17.458473,-,[1279],0,rejected,no,112,0
17.50014,-,[1130],0,rejected,no,113,0
17.541807,-,[488],0,rejected,no,117,0
17.583474,-,[1361],0,rejected,no,118,0
17.625141,-,[1415],0,rejected,no,119,0
17.666808,-,[350],0,rejected,no,121,0
17.708475,-,[1380],0,rejected,no,122,0
17.750142,-,[171],0,rejected,no,124,0
17.791809,-,[314],0,rejected,no,126,0
17.833476,-,[1385],0,rejected,no,127,0
17.875143,-,[1412],0,rejected,no,128,0
17.91681,-,[155],0,rejected,no,130,0
17.958477,-,[1163],0,rejected,no,131,0
18.000144,-,[1080],0,rejected,no,132,0
18.041811,-,[554],0,rejected,no,136,0
18.083478,-,[1252],0,rejected,no,137,0
18.125145,-,[1394],0,rejected,no,138,0
18.166812,-,[316],0,rejected,no,140,0
18.208479,-,[1239],0,rejected,no,141,0
18.250146,-,[1315],0,rejected,no,142,0
18.291813,-,[186],0,rejected,no,144,0
18.33348,-,[1232],0,rejected,no,145,0
18.375147,-,[1360],0,rejected,no,146,0
18.416814,-,[176],0,rejected,no,148,0
18.458481,-,[1477],0,rejected,no,149,0
18.500148,-,[1393],0,rejected,no,150,0
18.541815,-,[515],0,rejected,no,154,0
18.583482,-,[107],0,rejected,no,156,0
18.625149,-,[1414],0,rejected,no,157,0
18.666816,-,[542],0,rejected,no,159,0
18.708483,-,[1419],0,rejected,no,160,0
18.75015,-,[1362],0,rejected,no,161,0
18.791817,-,[532],0,rejected,no,163,0
18.833484,-,[1406],0,rejected,no,164,0
18.875151,-,[69],0,rejected,no,166,0
18.916818,-,[334],0,rejected,no,168,0
18.958485,-,[1296],0,rejected,no,169,0
19.000152,-,[1258],0,rejected,no,170,0
19.041819,-,[663],0,rejected,no,174,0
19.083486,-,[1394],0,rejected,no,175,0
19.125153,-,[123],0,rejected,no,177,0
19.16682,-,[309],0,rejected,no,179,0
19.208487,-,[1391],0,rejected,no,180,0
19.250154,-,[1480],0,rejected,no,181,0
19.291821,-,[539],0,rejected,no,183,0
19.333488,-,[156],0,rejected,no,185,0
19.375155,-,[127],0,rejected,no,187,0
19.416822,-,[419],0,rejected,no,189,0
19.458489,-,[38],0,rejected,no,191,0
19.500156,-,[1451],0,rejected,no,192,0
19.541823,-,[750],0,rejected,no,196,0
19.58349,-,[1435],0,rejected,no,197,0
19.625157,-,[113],0,rejected,no,199,0
19.666824,-,[528],0,rejected,no,201,0
19.708491,-,[1463],0,rejected,no,202,0
19.750158,-,[1349],0,rejected,no,203,0
19.791825,-,[393],0,rejected,no,205,0
19.833492,-,[367],0,rejected,no,207,0
19.875159,-,[41],0,rejected,no,209,0
19.916826,-,[333],0,rejected,no,211,0
19.958493,-,[9],0,rejected,no,213,0
20.00016,-,[60],0,rejected,no,215,0
20.041827,-,[616],0,rejected,no,219,0
20.083494,-,[1329],0,rejected,no,220,0
20.125161,-,[1358],0,rejected,no,221,0
20.166828,-,[279],0,rejected,no,223,0
20.208495,-,[1276],0,rejected,no,224,0
20.250162,-,[1308],0,rejected,no,225,0
20.291829,-,[760],0,rejected,no,227,0
20.333496,-,[1214],0,rejected,no,228,0
20.375163,-,[1392],0,rejected,no,229,0
20.41683,-,[458],0,rejected,no,231,0
20.458497,-,[34],0,rejected,no,233,0
20.500164,-,[1441],0,rejected,no,234,0
20.541831,-,[774],0,rejected,no,238,0
20.583498,-,[157],0,rejected,no,240,0
20.625165,-,[109],0,rejected,no,242,0
20.666832,-,[624],0,rejected,no,244,0
20.708499,-,[32],0,rejected,no,246,0
20.750166,-,[178],0,rejected,no,248,0
20.791833,-,[802],0,accepted,no,250,0
20.8335,-,[1342],0,rejected,no,2,0
20.875167,-,[85],0,rejected,no,3,0
20.916834,-,[337],0,rejected,no,5,0
20.958501,-,[68],0,rejected,no,7,0
21.000168,-,[1265],0,rejected,no,8,0
21.041835,-,[667],0,rejected,no,12,0
21.083502,-,[1138],0,rejected,no,13,0
21.125169,-,[1240],0,rejected,no,14,0
21.166836,-,[241],0,rejected,no,16,0
21.208503,-,[1312],0,rejected,no,17,0
21.25017,-,[1467],0,rejected,no,18,0
21.291837,-,[465],0,rejected,no,20,0
21.333504,-,[1383],0,rejected,no,21,0
21.375171,-,[1404],0,rejected,no,22,0
21.416838,-,[544],0,rejected,no,24,0
21.458505,-,[1350],0,rejected,no,25,0
21.500172,-,[217],0,rejected,no,27,0
21.541839,-,[593],0,rejected,no,31,0
21.583506,-,[88],0,rejected,no,33,0
21.625173,-,[40],0,rejected,no,35,0
21.66684,-,[527],0,rejected,no,37,0
21.708507,-,[1321],0,rejected,no,38,0
21.750174,-,[1475],0,rejected,no,39,0
21.791841,-,[538],0,rejected,no,41,0
21.833508,-,[1366],0,rejected,no,42,0
21.875175,-,[1417],0,rejected,no,43,0
21.916842,-,[446],0,rejected,no,45,0
21.958509,-,[1315],0,rejected,no,46,0
22.000176,-,[1322],0,rejected,no,47,0
22.041843,-,[618],0,rejected,no,51,0
22.08351,-,[1295],0,rejected,no,52,0
22.125177,-,[1374],0,rejected,no,53,0
22.166844,-,[468],0,rejected,no,55,0
22.208511,-,[1428],0,rejected,no,56,0
22.250178,-,[1468],0,rejected,no,57,0
22.291845,-,[333],0,rejected,no,59,0
22.333512,-,[1448],0,rejected,no,60,0
22.375179,-,[1454],0,rejected,no,61,0
22.416846,-,[332],0,rejected,no,63,0
22.458513,-,[1111],0,rejected,no,64,0
22.50018,-,[1288],0,rejected,no,65,0
22.541847,-,[536],0,rejected,no,69,0
22.583514,-,[1493],0,rejected,no,70,0
22.625181,-,[1470],0,rejected,no,71,0
22.666848,-,[196],0,rejected,no,73,0
22.708515,-,[34],0,rejected,no,75,0
22.750182,-,[1442],0,rejected,no,76,0
22.791849,-,[351],0,rejected,no,78,0
22.833516,-,[207],0,rejected,no,80,0
22.875183,-,[127],0,rejected,no,82,0
22.91685,-,[186],0,rejected,no,84,0
22.958517,-,[72],0,rejected,no,86,0
23.000184,-,[1367],0,rejected,no,87,0
23.041851,-,[644],0,rejected,no,91,0
23.083518,-,[145],0,rejected,no,93,0
23.125185,-,[638],0,rejected,no,95,0
23.166852,-,[1477],0,rejected,no,99,0
23.208519,-,[166],0,rejected,no,101,0
23.250186,-,[198],0,rejected,no,103,0
23.291853,-,[845],0,rejected,no,105,0
23.33352,-,[213],0,rejected,no,107,0
23.375187,-,[208],0,rejected,no,109,0
23.416854,-,[901],0,rejected,no,111,0
23.458521,-,[180],0,rejected,no,113,0
23.500188,-,[273],0,rejected,no,115,0
23.541855,-,[759],0,rejected,no,119,0
23.583522,-,[300],0,rejected,no,121,0
23.625189,-,[182],0,rejected,no,123,0
23.666856,-,[867],0,rejected,no,125,0
23.708523,-,[109],0,rejected,no,127,0
23.75019,-,[138],0,rejected,no,129,0
23.791857,-,[693],0,rejected,no,131,0
23.833524,-,[27],0,rejected,no,133,0
23.875191,-,[84],0,rejected,no,135,0
23.916858,-,[680],0,rejected,no,137,0
23.958525,-,[1431],0,rejected,no,138,0
24.000192,-,[91],0,rejected,no,140,0
24.041859,-,[609],0,rejected,no,144,0
24.083526,-,[63],0,rejected,no,146,0
24.125193,-,[108],0,rejected,no,148,0
24.16686,-,[606],0,rejected,no,150,0
24.208527,-,[48],0,rejected,no,152,0
24.250194,-,[247],0,rejected,no,154,0
24.291861,-,[583],0,rejected,no,156,0
24.333528,-,[1248],0,rejected,no,157,0
24.375195,-,[1314],0,rejected,no,158,0
24.416862,-,[555],0,rejected,no,160,0
24.458529,-,[1420],0,rejected,no,161,0
24.500196,-,[1304],0,rejected,no,162,0
24.541863,-,[812],0,rejected,no,166,0
24.58353,-,[1373],0,rejected,no,167,0
24.625197,-,[81],0,rejected,no,169,0
24.666864,-,[401],0,rejected,no,171,0
24.708531,-,[108],0,rejected,no,173,0
24.750198,-,[28],0,rejected,no,175,0
24.791865,-,[551],0,rejected,no,177,0
24.833532,-,[1408],0,rejected,no,178,0
24.875199,-,[1363],0,rejected,no,179,0
24.916866,-,[388],0,rejected,no,181,0
24.958533,-,[1206],0,rejected,no,182,0
25.0002,-,[1236],0,rejected,no,183,0
25.041867,-,[646],0,rejected,no,187,0
25.083534,-,[1447],0,rejected,no,188,0
25.125201,-,[1403],0,rejected,no,189,0
25.166868,-,[630],0,rejected,no,191,0
25.208535,-,[1337],0,rejected,no,192,0
25.250202,-,[64],0,rejected,no,194,0
25.291869,-,[640],0,rejected,no,196,0
25.333536,-,[1471],0,rejected,no,197,0
25.375203,-,[13],0,rejected,no,199,0
25.41687,-,[197],0,rejected,no,201,0
25.458537,-,[1493],0,rejected,no,202,0
25.500204,-,[1419],0,rejected,no,203,0
25.541871,-,[750],0,rejected,no,207,0
25.583538,-,[182],0,rejected,no,209,0
25.625205,-,[355],0,rejected,no,211,0
25.666872,-,[715],0,rejected,no,213,0
25.708539,-,[128],0,rejected,no,215,0
25.750206,-,[57],0,rejected,no,217,0
25.791873,-,[484],0,rejected,no,219,0
25.83354,-,[36],0,rejected,no,221,0
25.875207,-,[79],0,rejected,no,223,0
25.916874,-,[746],0,rejected,no,225,0
25.958541,-,[1481],0,rejected,no,226,0
26.000208,-,[1312],0,rejected,no,227,0
26.041875,-,[765],0,rejected,no,231,0
26.083542,-,[1401],0,rejected,no,232,0
26.125209,-,[1482],0,rejected,no,233,0
26.166876,-,[459],0,rejected,no,235,0
26.208543,-,[1414],0,rejected,no,236,0
26.25021,-,[109],0,rejected,no,238,0
26.291877,-,[224],0,rejected,no,240,0
26.333544,-,[162],0,rejected,no,242,0
26.375211,-,[165],0,rejected,no,244,0
26.416878,-,[778],0,rejected,no,246,0
26.458545,-,[144],0,rejected,no,248,0
26.500212,-,[1390],0,rejected,no,249,0
26.541879,-,[720],0,accepted,no,253,0
26.583546,-,[252],0,rejected,no,3,0
26.625213,-,[218],0,rejected,no,3,0
26.66688,-,[645],0,rejected,no,5,0
26.708547,-,[172],0,rejected,no,7,0
26.750214,-,[74],0,rejected,no,9,0
26.791881,-,[728],0,rejected,no,11,0
26.833548,-,[219],0,rejected,no,13,0
26.875215,-,[123],0,rejected,no,15,0
26.916882,-,[528],0,rejected,no,17,0
26.958549,-,[1483],0,rejected,no,18,0
27.000216,-,[1292],0,rejected,no,19,0
27.041883,-,[751],0,rejected,no,23,0
27.08355,-,[1411],0,rejected,no,24,0
27.125217,-,[1478],0,rejected,no,25,0
27.166884,-,[685],0,rejected,no,27,0
27.208551,-,[241],0,rejected,no,29,0
27.250218,-,[133],0,rejected,no,31,0
27.291885,-,[541],0,rejected,no,33,0
27.333552,-,[116],0,rejected,no,35,0
27.375219,-,[246],0,rejected,no,37,0
27.416886,-,[732],0,rejected,no,39,0
27.458553,-,[65],0,rejected,no,41,0
27.50022,-,[141],0,rejected,no,43,0
27.541887,-,[564],0,rejected,no,47,0
27.583554,-,[52],0,rejected,no,49,0
27.625221,-,[1446],0,rejected,no,50,0
27.666888,-,[669],0,rejected,no,52,0
27.708555,-,[221],0,rejected,no,54,0
27.750222,-,[363],0,rejected,no,56,0
27.791889,-,[899],0,rejected,no,58,0
27.833556,-,[361],0,rejected,no,60,0
27.875223,-,[148],0,rejected,no,62,0
27.91689,-,[563],0,rejected,no,64,0
27.958557,-,[32],0,rejected,no,66,0
28.000224,-,[9],0,rejected,no,68,0
28.041891,-,[733],0,rejected,no,72,0
28.083558,-,[111],0,rejected,no,74,0
28.125225,-,[223],0,rejected,no,76,0
28.166892,-,[830],0,rejected,no,78,0
28.208559,-,[199],0,rejected,no,80,0
28.250226,-,[128],0,rejected,no,82,0
28.291893,-,[688],0,rejected,no,84,0
28.33356,-,[28],0,rejected,no,86,0
28.375227,-,[1473],0,rejected,no,87,0
28.416894,-,[627],0,rejected,no,89,0
28.458561,-,[116],0,rejected,no,91,0
28.500228,-,[38],0,rejected,no,93,0
28.541895,-,[625],0,rejected,no,97,0
28.583562,-,[47],0,rejected,no,99,0
28.625229,-,[188],0,rejected,no,101,0
28.666896,-,[554],0,rejected,no,103,0
28.708563,-,[52],0,rejected,no,105,0
28.75023,-,[152],0,rejected,no,107,0
28.791897,-,[879],0,rejected,no,109,0
28.833564,-,[152],0,rejected,no,111,0
28.875231,-,[129],0,rejected,no,113,0
28.916898,-,[900],0,rejected,no,115,0
28.958565,-,[1367],0,rejected,no,116,0
29.000232,-,[1449],0,rejected,no,117,0
29.041899,-,[636],0,rejected,no,121,0
29.083566,-,[49],0,rejected,no,123,0
29.125233,-,[107],0,rejected,no,125,0
29.1669,-,[798],0,rejected,no,127,0
29.208567,-,[59],0,rejected,no,129,0
29.250234,-,[53],0,rejected,no,131,0
29.291901,-,[901],0,rejected,no,133,0
29.333568,-,[166],0,rejected,no,135,0
29.375235,-,[247],0,rejected,no,137,0
29.416902,-,[476],0,rejected,no,139,0
29.458569,-,[127],0,rejected,no,141,0
29.500236,-,[125],0,rejected,no,143,0
29.541903,-,[817],0,rejected,no,147,0
29.58357,-,[1425],0,rejected,no,148,0
29.625237,-,[1475],0,rejected,no,149,0
29.666904,-,[453],0,rejected,no,151,0
29.708571,-,[1350],0,rejected,no,152,0
29.750238,-,[1298],0,rejected,no,153,0
29.791905,-,[627],0,rejected,no,155,0
29.833572,-,[1360],0,rejected,no,156,0
29.875239,-,[1337],0,rejected,no,157,0
29.916906,-,[235],0,rejected,no,159,0
29.958573,-,[973],0,rejected,no,160,0
30.00024,-,[1320],0,rejected,no,161,0
30.041907,-,[788],0,rejected,no,165,0
30.083574,-,[61],0,rejected,no,167,0
30.125241,-,[1353],0,rejected,no,168,0
30.166908,-,[430],0,rejected,no,170,0
30.208575,-,[1388],0,rejected,no,171,0
30.250242,-,[1473],0,rejected,no,172,0
30.291909,-,[365],0,rejected,no,174,0
30.333576,-,[39],0,rejected,no,176,0
30.375243,-,[31],0,rejected,no,178,0
30.41691,-,[807],0,rejected,no,180,0
30.458577,-,[1312],0,rejected,no,181,0
30.500244,-,[1476],0,rejected,no,182,0
30.541911,-,[754],0,rejected,no,186,0
30.583578,-,[1461],0,rejected,no,187,0
30.625245,-,[1377],0,rejected,no,188,0
30.666912,-,[434],0,rejected,no,190,0
30.708579,-,[1385],0,rejected,no,191,0
30.750246,-,[1392],0,rejected,no,192,0
30.791913,-,[495],0,rejected,no,194,0
30.83358,-,[1341],0,rejected,no,195,0
30.875247,-,[1444],0,rejected,no,196,0
30.916914,-,[710],0,rejected,no,198,0
30.958581,-,[30],0,rejected,no,200,0
31.000248,-,[1431],0,rejected,no,201,0
31.041915,-,[755],0,rejected,no,205,0
31.083582,-,[1490],0,rejected,no,206,0
31.125249,-,[98],0,rejected,no,208,0
31.166916,-,[595],0,rejected,no,210,0
31.208583,-,[1478],0,rejected,no,211,0
31.25025,-,[51],0,rejected,no,213,0
31.291917,-,[409],0,rejected,no,215,0
31.333584,-,[1375],0,rejected,no,216,0
31.375251,-,[1457],0,rejected,no,217,0
31.416918,-,[587],0,rejected,no,219,0
31.458585,-,[21],0,rejected,no,221,0
31.500252,-,[1372],0,rejected,no,222,0
31.541919,-,[723],0,rejected,no,226,0
31.583586,-,[42],0,rejected,no,228,0
31.625253,-,[1476],0,rejected,no,229,0
31.66692,-,[574],0,rejected,no,231,0
31.708587,-,[1280],0,rejected,no,232,0
31.750254,-,[1344],0,rejected,no,233,0
31.791921,-,[498],0,rejected,no,235,0
31.833588,-,[101],0,rejected,no,237,0
31.875255,-,[1476],0,rejected,no,238,0
31.916922,-,[442],0,rejected,no,240,0
31.958589,-,[1436],0,rejected,no,241,0
32.000256,-,[1306],0,rejected,no,242,0
32.08359,-,[664],0,rejected,no,246,0
32.166924,-,[120],0,rejected,no,248,0
32.208591,-,[230],0,accepted,no,250,0
32.250258,-,[539],0,rejected,no,3,0
32.291925,-,[240],0,rejected,no,3,0
32.333592,-,[285],0,rejected,no,5,0
32.375259,-,[1190],0,rejected,no,7,0
32.458593,-,[478],0,rejected,no,9,0
32.541927,-,[484],0,rejected,no,11,0
32.625261,-,[97],0,rejected,no,14,0
32.666928,-,[308],0,rejected,no,16,0
32.708595,-,[311],0,rejected,no,18,0
32.750262,-,[637],0,rejected,no,22,0
32.791929,-,[145],0,rejected,no,24,0
32.833596,-,[316],0,rejected,no,26,0
32.91693,-,[1178],0,rejected,no,28,0
33.000264,-,[295],0,rejected,no,30,0
33.041931,-,[257],0,rejected,no,32,0
33.083598,-,[1120],0,rejected,no,34,0
33.125265,-,[228],0,rejected,no,36,0
33.166932,-,[390],0,rejected,no,38,0
33.208599,-,[731],0,rejected,no,40,0
33.250266,-,[577],0,rejected,no,43,0
33.291933,-,[1471],0,rejected,no,45,0
33.375267,-,[743],0,rejected,no,50,0
33.458601,-,[952],0,rejected,no,52,0
33.500268,-,[1075],0,rejected,no,54,0
33.541935,-,[816],0,rejected,no,57,0
33.583602,-,[1119],0,rejected,no,59,0
33.625269,-,[924],0,rejected,no,61,0
33.666936,-,[627],0,rejected,no,64,0
33.708603,-,[975],0,rejected,no,66,0
33.75027,-,[998],0,rejected,no,68,0
33.791937,-,[546],0,rejected,no,71,0
33.833604,-,[1117],0,rejected,no,73,0
33.875271,-,[1150],0,rejected,no,75,0
33.916938,-,[442],0,rejected,no,80,0
33.958605,-,[1002],0,rejected,no,82,0
34.000272,-,[923],0,rejected,no,84,0
34.041939,-,[799],0,rejected,no,87,0
34.083606,-,[904],0,rejected,no,89,0
34.125273,-,[961],0,rejected,no,91,0
34.16694,-,[445],0,rejected,no,94,0
34.208607,-,[673],0,rejected,no,96,0
34.250274,-,[522],0,rejected,no,98,0
34.291941,-,[114],0,rejected,no,101,0
34.333608,-,[1168],0,rejected,no,103,0
34.375275,-,[1483],0,rejected,no,105,0
34.416942,-,[524],0,rejected,no,110,0
34.458609,-,[120],0,rejected,no,113,0
34.500276,-,[51],0,rejected,no,116,0
34.541943,-,[1049],0,rejected,no,119,0
34.58361,-,[1211],0,rejected,no,121,0
34.625277,-,[1325],0,rejected,no,123,0
34.666944,-,[881],0,rejected,no,126,0
34.708611,-,[1478],0,rejected,no,128,0
34.750278,-,[1361],0,rejected,no,130,0
34.791945,-,[964],0,rejected,no,133,0
34.833612,-,[1152],0,rejected,no,135,0
34.875279,-,[919],0,rejected,no,137,0
34.916946,-,[703],0,rejected,no,142,0
34.958613,-,[1086],0,rejected,no,144,0
35.00028,-,[996],0,rejected,no,146,0
35.041947,-,[400],0,rejected,no,149,0
35.083614,-,[980],0,rejected,no,151,0
35.125281,-,[895],0,rejected,no,153,0
35.166948,-,[231],0,rejected,no,156,0
35.208615,-,[890],0,rejected,no,158,0
35.250282,-,[803],0,rejected,no,160,0
35.291949,-,[425],0,rejected,no,163,0
35.333616,-,[829],0,rejected,no,165,0
35.375283,-,[909],0,rejected,no,167,0
35.41695,-,[132],0,rejected,no,172,0
35.458617,-,[840],0,rejected,no,174,0
35.500284,-,[1166],0,rejected,no,176,0
35.541951,-,[612],0,rejected,no,179,0
35.583618,-,[1056],0,rejected,no,181,0
35.625285,-,[895],0,rejected,no,183,0
35.666952,-,[697],0,rejected,no,186,0
35.708619,-,[1045],0,rejected,no,188,0
35.750286,-,[1075],0,rejected,no,190,0
35.791953,-,[860],0,rejected,no,193,0
35.83362,-,[1404],0,rejected,no,195,0
35.875287,-,[1451],0,rejected,no,197,0
35.916954,-,[1253],0,rejected,no,201,0
35.958621,-,[176],0,rejected,no,204,0
36.000288,-,[318],0,rejected,no,207,0
36.041955,-,[1388],0,rejected,no,210,0
36.083622,-,[103],0,rejected,no,213,0
36.125289,-,[1253],0,rejected,no,215,0
36.166956,-,[1187],0,rejected,no,218,0
36.208623,-,[1273],0,rejected,no,220,0
36.25029,-,[1388],0,rejected,no,222,0
36.291957,-,[1190],0,rejected,no,225,0
36.333624,-,[409],0,rejected,no,228,0
36.375291,-,[1251],0,rejected,no,229,0
36.416958,-,[1442],0,rejected,no,231,0
36.458625,-,[964],0,rejected,no,232,0
36.500292,-,[1043],0,rejected,no,233,0
36.541959,-,[91],0,rejected,no,235,0
36.583626,-,[1313],0,rejected,no,236,0
36.625293,-,[1307],0,rejected,no,237,0
36.66696,-,[576],0,rejected,no,239,0
36.708627,-,[58],0,rejected,no,241,0
36.750294,-,[125],0,rejected,no,243,0
36.791961,-,[1160],0,rejected,no,245,0
36.833628,-,[211],0,rejected,no,247,0
36.875295,-,[266],0,rejected,no,249,0
36.916962,-,[1352],0,accepted,no,252,0
36.958629,-,[498],0,rejected,no,3,0
37.000296,-,[568],0,rejected,no,3,0
37.041963,-,[39],0,rejected,no,6,0
37.08363,-,[413],0,rejected,no,8,0
37.125297,-,[416],0,rejected,no,10,0
37.166964,-,[34],0,rejected,no,13,0
37.208631,-,[417],0,rejected,no,15,0
37.250298,-,[299],0,rejected,no,17,0
37.291965,-,[1288],0,rejected,no,19,0
37.333632,-,[397],0,rejected,no,21,0
37.375299,-,[271],0,rejected,no,23,0
37.416966,-,[307],0,rejected,no,27,0
37.458633,-,[392],0,rejected,no,29,0
37.5003,-,[452],0,rejected,no,31,0
37.541967,-,[1233],0,rejected,no,33,0
37.583634,-,[311],0,rejected,no,35,0
37.625301,-,[248],0,rejected,no,37,0
37.666968,-,[1156],0,rejected,no,39,0
37.708635,-,[373],0,rejected,no,41,0
37.750302,-,[438],0,rejected,no,43,0
37.791969,-,[1150],0,rejected,no,45,0
37.833636,-,[226],0,rejected,no,47,0
37.875303,-,[187],0,rejected,no,49,0
37.91697,-,[377],0,rejected,no,53,0
37.958637,-,[98],0,rejected,no,55,0
38.000304,-,[105],0,rejected,no,57,0
38.041971,-,[739],0,rejected,no,59,0
38.083638,-,[206],0,rejected,no,61,0
38.125305,-,[117],0,rejected,no,63,0
38.166972,-,[447],0,rejected,no,65,0
38.208639,-,[1366],0,rejected,no,66,0
38.250306,-,[1441],0,rejected,no,67,0
38.291973,-,[559],0,rejected,no,69,0
38.33364,-,[314],0,rejected,no,71,0
38.375307,-,[125],0,rejected,no,73,0
38.416974,-,[508],0,rejected,no,76,0
38.458641,-,[1408],0,rejected,no,77,0
38.500308,-,[1387],0,rejected,no,78,0
38.541975,-,[842],0,rejected,no,80,0
38.583642,-,[1469],0,rejected,no,81,0
38.625309,-,[51],0,rejected,no,83,0
38.666976,-,[832],0,rejected,no,85,0
38.708643,-,[90],0,rejected,no,87,0
38.75031,-,[51],0,rejected,no,89,0
38.791977,-,[841],0,rejected,no,91,0
38.833644,-,[27],0,rejected,no,93,0
38.875311,-,[210],0,rejected,no,95,0
38.916978,-,[1310],0,rejected,no,97,0
38.958645,-,[154],0,rejected,no,99,0
39.000312,-,[133],0,rejected,no,101,0
39.041979,-,[864],0,rejected,no,103,0
39.083646,-,[93],0,rejected,no,105,0
39.125313,-,[123],0,rejected,no,107,0
39.16698,-,[1041],0,rejected,no,109,0
39.208647,-,[1427],0,rejected,no,110,0
39.250314,-,[1338],0,rejected,no,111,0
39.291981,-,[631],0,rejected,no,113,0
39.333648,-,[1334],0,rejected,no,114,0
39.375315,-,[1399],0,rejected,no,115,0
39.416982,-,[246],0,rejected,no,118,0
39.458649,-,[1296],0,rejected,no,119,0
39.500316,-,[1257],0,rejected,no,120,0
39.541983,-,[237],0,rejected,no,122,0
39.58365,-,[1268],0,rejected,no,123,0
39.625317,-,[1330],0,rejected,no,124,0
39.666984,-,[634],0,rejected,no,126,0
39.708651,-,[1434],0,rejected,no,127,0
39.750318,-,[1398],0,rejected,no,128,0
39.791985,-,[1000],0,rejected,no,130,0
39.833652,-,[1327],0,rejected,no,131,0
39.875319,-,[1497],0,rejected,no,132,0
39.916986,-,[564],0,rejected,no,135,0
39.958653,-,[268],0,rejected,no,137,0
40.00032,-,[125],0,rejected,no,139,0
40.041987,-,[1100],0,rejected,no,141,0
40.083654,-,[132],0,rejected,no,143,0
40.125321,-,[147],0,rejected,no,145,0
40.166988,-,[647],0,rejected,no,147,0
40.208655,-,[115],0,rejected,no,149,0
40.250322,-,[110],0,rejected,no,151,0
40.291989,-,[846],0,rejected,no,153,0
40.333656,-,[472],0,rejected,no,155,0
40.375323,-,[472],0,rejected,no,157,0
40.41699,-,[117],0,rejected,no,160,0
40.458657,-,[57],0,rejected,no,162,0
40.500324,-,[117],0,rejected,no,164,0
40.541991,-,[1070],0,rejected,no,166,0
40.583658,-,[312],0,rejected,no,168,0
40.625325,-,[322],0,rejected,no,170,0
40.666992,-,[1209],0,rejected,no,172,0
40.708659,-,[526],0,rejected,no,174,0
40.750326,-,[921],0,rejected,no,176,0
40.791993,-,[343],0,rejected,no,180,0
40.83366,-,[285],0,rejected,no,182,0
40.875327,-,[311],0,rejected,no,184,0
40.916994,-,[1457],0,rejected,no,187,0
40.958661,-,[431],0,rejected,no,189,0
41.000328,-,[514],0,rejected,no,191,0
41.041995,-,[1291],0,rejected,no,193,0
41.083662,-,[48],0,rejected,no,195,0
41.125329,-,[44],0,rejected,no,197,0
41.166996,-,[1017],0,rejected,no,199,0
41.208663,-,[33],0,rejected,no,201,0
41.25033,-,[114],0,rejected,no,203,0
41.291997,-,[909],0,rejected,no,205,0
41.333664,-,[270],0,rejected,no,207,0
41.375331,-,[210],0,rejected,no,209,0
41.416998,-,[99],0,rejected,no,213,0
41.458665,-,[267],0,rejected,no,215,0
41.500332,-,[480],0,rejected,no,217,0
41.541999,-,[1249],0,rejected,no,219,0
41.583666,-,[385],0,rejected,no,221,0
41.625333,-,[250],0,rejected,no,223,0
41.667,-,[1034],0,rejected,no,225,0
41.708667,-,[508],0,rejected,no,227,0
41.750334,-,[217],0,rejected,no,229,0
41.792001,-,[816],0,rejected,no,231,0
41.833668,-,[112],0,rejected,no,233,0
41.875335,-,[217],0,rejected,no,235,0
41.917002,-,[428],0,rejected,no,239,0
41.958669,-,[1495],0,rejected,no,240,0
42.000336,-,[24],0,rejected,no,242,0
42.042003,-,[441],0,rejected,no,244,0
42.08367,-,[0],0,rejected,no,245,0
42.125337,-,[1416],0,rejected,no,246,0
42.167004,-,[383],0,rejected,no,248,0
42.208671,-,[76],0,accepted,no,250,0
42.250338,-,[1452],0,rejected,no,2,0
42.292005,-,[388],0,rejected,no,3,0
42.333672,-,[1383],0,rejected,no,4,0
42.375339,-,[1482],0,rejected,no,5,0
42.417006,-,[377],0,rejected,no,9,0
42.458673,-,[21],0,rejected,no,11,0
42.50034,-,[464],0,rejected,no,13,0
42.542007,-,[834],0,rejected,no,15,0
42.583674,-,[246],0,rejected,no,17,0
42.625341,-,[175],0,rejected,no,19,0
42.667008,-,[700],0,rejected,no,21,0
42.708675,-,[176],0,rejected,no,23,0
42.750342,-,[238],0,rejected,no,25,0
42.792009,-,[739],0,rejected,no,27,0
42.833676,-,[196],0,rejected,no,29,0
42.875343,-,[155],0,rejected,no,31,0
42.91701,-,[689],0,rejected,no,35,0
42.958677,-,[193],0,rejected,no,37,0
43.000344,-,[274],0,rejected,no,39,0
43.042011,-,[705],0,rejected,no,41,0
43.083678,-,[367],0,rejected,no,43,0
43.125345,-,[434],0,rejected,no,45,0
43.167012,-,[936],0,rejected,no,47,0
43.208679,-,[524],0,rejected,no,49,0
43.250346,-,[382],0,rejected,no,51,0
43.292013,-,[672],0,rejected,no,53,0
43.33368,-,[122],0,rejected,no,55,0
43.375347,-,[233],0,rejected,no,57,0
43.417014,-,[759],0,rejected,no,61,0
43.458681,-,[1360],0,rejected,no,62,0
43.500348,-,[166],0,rejected,no,64,0
43.542015,-,[519],0,rejected,no,66,0
43.583682,-,[1479],0,rejected,no,67,0
43.625349,-,[1351],0,rejected,no,68,0
43.667016,-,[286],0,rejected,no,70,0
43.708683,-,[449],0,rejected,no,72,0
43.75035,-,[450],0,rejected,no,74,0
43.792017,-,[448],0,rejected,no,76,0
43.833684,-,[209],0,rejected,no,78,0
43.875351,-,[25],0,rejected,no,80,0
43.917018,-,[862],0,rejected,no,84,0
43.958685,-,[13],0,rejected,no,86,0
44.000352,-,[60],0,rejected,no,88,0
44.042019,-,[311],0,rejected,no,90,0
44.083686,-,[110],0,rejected,no,92,0
44.125353,-,[166],0,rejected,no,94,0
44.16702,-,[512],0,rejected,no,96,0
44.208687,-,[262],0,rejected,no,98,0
44.250354,-,[450],0,rejected,no,100,0
44.292021,-,[652],0,rejected,no,102,0
44.333688,-,[168],0,rejected,no,104,0
44.375355,-,[172],0,rejected,no,106,0
44.417022,-,[814],0,rejected,no,110,0
44.458689,-,[37],0,rejected,no,112,0
44.500356,-,[226],0,rejected,no,114,0
44.542023,-,[538],0,rejected,no,116,0
44.58369,-,[147],0,rejected,no,118,0
44.625357,-,[229],0,rejected,no,120,0
44.667024,-,[237],0,rejected,no,122,0
44.708691,-,[136],0,rejected,no,124,0
44.750358,-,[164],0,rejected,no,126,0
44.792025,-,[650],0,rejected,no,128,0
44.833692,-,[332],0,rejected,no,130,0
44.875359,-,[111],0,rejected,no,132,0
44.917026,-,[803],0,rejected,no,136,0
44.958693,-,[1461],0,rejected,no,137,0
45.00036,-,[1255],0,rejected,no,138,0
45.042027,-,[578],0,rejected,no,140,0
45.083694,-,[190],0,rejected,no,142,0
45.125361,-,[300],0,rejected,no,144,0
45.167028,-,[382],0,rejected,no,146,0
45.208695,-,[328],0,rejected,no,148,0
45.250362,-,[229],0,rejected,no,150,0
45.292029,-,[622],0,rejected,no,152,0
45.333696,-,[188],0,rejected,no,154,0
45.375363,-,[41],0,rejected,no,156,0
45.41703,-,[792],0,rejected,no,160,0
45.458697,-,[1415],0,rejected,no,161,0
45.500364,-,[52],0,rejected,no,163,0
45.542031,-,[632],0,rejected,no,165,0
45.583698,-,[90],0,rejected,no,167,0
45.625365,-,[314],0,rejected,no,169,0
45.667032,-,[499],0,rejected,no,171,0
45.708699,-,[11],0,rejected,no,173,0
45.750366,-,[171],0,rejected,no,175,0
45.792033,-,[505],0,rejected,no,177,0
45.8337,-,[104],0,rejected,no,179,0
45.875367,-,[1332],0,rejected,no,180,0
45.917034,-,[808],0,rejected,no,184,0
45.958701,-,[310],0,rejected,no,186,0
46.000368,-,[197],0,rejected,no,188,0
46.042035,-,[732],0,rejected,no,190,0
46.083702,-,[1441],0,rejected,no,191,0
46.125369,-,[1366],0,rejected,no,192,0
46.167036,-,[456],0,rejected,no,194,0
46.208703,-,[44],0,rejected,no,196,0
46.25037,-,[1435],0,rejected,no,197,0
46.292037,-,[391],0,rejected,no,199,0
46.333704,-,[207],0,rejected,no,201,0
46.375371,-,[1349],0,rejected,no,202,0
46.417038,-,[862],0,rejected,no,206,0
46.458705,-,[123],0,rejected,no,208,0
46.500372,-,[281],0,rejected,no,210,0
46.542039,-,[700],0,rejected,no,212,0
46.583706,-,[191],0,rejected,no,214,0
46.625373,-,[36],0,rejected,no,216,0
46.66704,-,[685],0,rejected,no,218,0
46.708707,-,[179],0,rejected,no,220,0
46.750374,-,[61],0,rejected,no,222,0
46.792041,-,[668],0,rejected,no,224,0
46.833708,-,[1460],0,rejected,no,225,0
46.875375,-,[1434],0,rejected,no,226,0
46.917042,-,[841],0,rejected,no,230,0
46.958709,-,[93],0,rejected,no,232,0
47.000376,-,[1429],0,rejected,no,233,0
47.042043,-,[666],0,rejected,no,235,0
47.08371,-,[230],0,rejected,no,237,0
47.125377,-,[188],0,rejected,no,239,0
47.167044,-,[768],0,rejected,no,241,0
47.208711,-,[107],0,rejected,no,243,0
47.250378,-,[181],0,rejected,no,245,0
47.292045,-,[590],0,rejected,no,247,0
47.333712,-,[1499],0,rejected,no,248,0
47.375379,-,[1376],0,rejected,no,249,0
47.417046,-,[781],0,accepted,no,253,0
47.458713,-,[204],0,rejected,no,3,0
47.50038,-,[161],0,rejected,no,3,0
47.542047,-,[487],0,rejected,no,5,0
47.583714,-,[254],0,rejected,no,7,0
47.625381,-,[128],0,rejected,no,9,0
47.667048,-,[392],0,rejected,no,11,0
47.708715,-,[148],0,rejected,no,13,0
47.750382,-,[355],0,rejected,no,15,0
47.792049,-,[838],0,rejected,no,17,0
47.833716,-,[1295],0,rejected,no,18,0
47.875383,-,[1355],0,rejected,no,19,0
47.91705,-,[772],0,rejected,no,23,0
47.958717,-,[1244],0,rejected,no,24,0
48.000384,-,[1318],0,rejected,no,25,0
48.042051,-,[763],0,rejected,no,27,0
48.083718,-,[1399],0,rejected,no,28,0
48.125385,-,[19],0,rejected,no,30,0
48.167052,-,[596],0,rejected,no,32,0
48.208719,-,[1249],0,rejected,no,33,0
48.250386,-,[1380],0,rejected,no,34,0
48.292053,-,[574],0,rejected,no,36,0
48.33372,-,[1341],0,rejected,no,37,0
48.375387,-,[1255],0,rejected,no,38,0
48.417054,-,[835],0,rejected,no,42,0
48.458721,-,[1210],0,rejected,no,43,0
48.500388,-,[1368],0,rejected,no,44,0
48.542055,-,[642],0,rejected,no,46,0
48.583722,-,[274],0,rejected,no,48,0
48.625389,-,[147],0,rejected,no,50,0
48.667056,-,[777],0,rejected,no,54,0
48.708723,-,[1367],0,rejected,no,55,0
48.75039,-,[1289],0,rejected,no,56,0
48.792057,-,[205],0,rejected,no,58,0
48.833724,-,[1306],0,rejected,no,59,0
48.875391,-,[1151],0,rejected,no,60,0
48.917058,-,[1423],0,rejected,no,63,0
48.958725,-,[1130],0,rejected,no,64,0
49.000392,-,[1124],0,rejected,no,65,0
49.042059,-,[167],0,rejected,no,67,0
49.083726,-,[1248],0,rejected,no,68,0
49.125393,-,[1132],0,rejected,no,69,0
49.16706,-,[97],0,rejected,no,71,0
49.208727,-,[1180],0,rejected,no,72,0
49.250394,-,[1144],0,rejected,no,73,0
49.292061,-,[37],0,rejected,no,75,0
49.333728,-,[920],0,rejected,no,76,0
49.375395,-,[910],0,rejected,no,77,0
49.417062,-,[1474],0,rejected,no,80,0
49.458729,-,[1146],0,rejected,no,81,0
49.500396,-,[1242],0,rejected,no,82,0
49.542063,-,[148],0,rejected,no,84,0
49.58373,-,[1180],0,rejected,no,85,0
49.625397,-,[1388],0,rejected,no,86,0
49.667064,-,[313],0,rejected,no,88,0
49.708731,-,[1395],0,rejected,no,89,0
49.750398,-,[1389],0,rejected,no,90,0
49.792065,-,[509],0,rejected,no,92,0
49.833732,-,[1328],0,rejected,no,93,0
49.875399,-,[1317],0,rejected,no,94,0
49.917066,-,[129],0,rejected,no,98,0
49.958733,-,[1246],0,rejected,no,99,0
50.0004,-,[1248],0,rejected,no,100,0
50.042067,-,[311],0,rejected,no,102,0
50.083734,-,[1344],0,rejected,no,103,0
50.125401,-,[1345],0,rejected,no,104,0
50.167068,-,[449],0,rejected,no,106,0
50.208735,-,[1314],0,rejected,no,107,0
50.250402,-,[1261],0,rejected,no,108,0
50.292069,-,[483],0,rejected,no,110,0
50.333736,-,[1154],0,rejected,no,111,0
50.375403,-,[1059],0,rejected,no,112,0
50.41707,-,[225],0,rejected,no,116,0
50.458737,-,[1302],0,rejected,no,117,0
50.500404,-,[1347],0,rejected,no,118,0
50.542071,-,[452],0,rejected,no,120,0
50.583738,-,[1214],0,rejected,no,121,0
50.625405,-,[1222],0,rejected,no,122,0
50.667072,-,[351],0,rejected,no,124,0
50.708739,-,[1429],0,rejected,no,125,0
50.750406,-,[1300],0,rejected,no,126,0
50.792073,-,[525],0,rejected,no,128,0
50.83374,-,[1195],0,rejected,no,129,0
50.875407,-,[1275],0,rejected,no,130,0
50.917074,-,[1377],0,rejected,no,133,0
50.958741,-,[1225],0,rejected,no,134,0
51.000408,-,[1409],0,rejected,no,135,0
51.042075,-,[78],0,rejected,no,137,0
51.083742,-,[1176],0,rejected,no,138,0
51.125409,-,[1138],0,rejected,no,139,0
51.167076,-,[268],0,rejected,no,141,0
51.208743,-,[1274],0,rejected,no,142,0
51.25041,-,[1262],0,rejected,no,143,0
51.292077,-,[407],0,rejected,no,145,0
51.333744,-,[1433],0,rejected,no,146,0
51.375411,-,[1331],0,rejected,no,147,0
51.417078,-,[1491],0,rejected,no,150,0
51.458745,-,[1326],0,rejected,no,151,0
51.500412,-,[1438],0,rejected,no,152,0
51.542079,-,[863],0,rejected,no,154,0
51.583746,-,[1337],0,rejected,no,155,0
51.625413,-,[1412],0,rejected,no,156,0
51.66708,-,[653],0,rejected,no,158,0
51.708747,-,[1380],0,rejected,no,159,0
51.750414,-,[1261],0,rejected,no,160,0
51.792081,-,[313],0,rejected,no,162,0
51.833748,-,[1336],0,rejected,no,163,0
51.875415,-,[1195],0,rejected,no,164,0
51.917082,-,[210],0,rejected,no,168,0
51.958749,-,[1385],0,rejected,no,169,0
52.000416,-,[1455],0,rejected,no,170,0
52.042083,-,[265],0,rejected,no,172,0
52.08375,-,[1299],0,rejected,no,173,0
52.125417,-,[1308],0,rejected,no,174,0
52.167084,-,[243],0,rejected,no,176,0
52.208751,-,[1130],0,rejected,no,177,0
52.250418,-,[1183],0,rejected,no,178,0
52.292085,-,[127],0,rejected,no,180,0
52.333752,-,[1095],0,rejected,no,181,0
52.375419,-,[1153],0,rejected,no,182,0
52.417086,-,[223],0,rejected,no,186,0
52.458753,-,[1222],0,rejected,no,187,0
52.50042,-,[1153],0,rejected,no,188,0
52.542087,-,[49],0,rejected,no,190,0
52.583754,-,[1028],0,rejected,no,191,0
52.625421,-,[1011],0,rejected,no,192,0
52.667088,-,[1393],0,rejected,no,193,0
52.708755,-,[1309],0,rejected,no,194,0
52.750422,-,[1481],0,rejected,no,195,0
52.792089,-,[156],0,rejected,no,197,0
52.833756,-,[1224],0,rejected,no,198,0
52.875423,-,[1197],0,rejected,no,199,0
52.91709,-,[390],0,rejected,no,203,0
52.958757,-,[75],0,rejected,no,205,0
53.000424,-,[1296],0,rejected,no,206,0
53.042091,-,[256],0,rejected,no,208,0
53.083758,-,[1346],0,rejected,no,209,0
53.125425,-,[1321],0,rejected,no,210,0
53.167092,-,[449],0,rejected,no,212,0
53.208759,-,[1142],0,rejected,no,213,0
53.250426,-,[1180],0,rejected,no,214,0
53.292093,-,[94],0,rejected,no,216,0
53.33376,-,[1118],0,rejected,no,217,0
53.375427,-,[1122],0,rejected,no,218,0
53.417094,-,[361],0,rejected,no,222,0
53.458761,-,[1450],0,rejected,no,223,0
53.500428,-,[1373],0,rejected,no,224,0
53.542095,-,[253],0,rejected,no,226,0
53.583762,-,[94],0,rejected,no,228,0
53.625429,-,[1186],0,rejected,no,229,0
53.667096,-,[82],0,rejected,no,231,0
53.708763,-,[1134],0,rejected,no,232,0
53.75043,-,[1221],0,rejected,no,233,0
53.792097,-,[25],0,rejected,no,235,0
53.833764,-,[1076],0,rejected,no,236,0
53.875431,-,[933],0,rejected,no,237,0
53.917098,-,[356],0,rejected,no,241,0
53.958765,-,[1195],0,rejected,no,242,0
54.000432,-,[1234],0,rejected,no,243,0
54.042099,-,[15],0,rejected,no,245,0
54.083766,-,[1176],0,rejected,no,246,0
54.125433,-,[1332],0,rejected,no,247,0
54.1671,-,[190],0,rejected,no,249,0
54.208767,-,[1320],0,accepted,no,250,0
54.250434,-,[1215],0,rejected,no,2,0
54.292101,-,[51],0,rejected,no,3,0
54.333768,-,[1158],0,rejected,no,4,0
54.375435,-,[1163],0,rejected,no,5,0
54.417102,-,[377],0,rejected,no,9,0
54.458769,-,[1111],0,rejected,no,10,0
54.500436,-,[1222],0,rejected,no,11,0
54.542103,-,[18],0,rejected,no,13,0
54.58377,-,[1409],0,rejected,no,14,0
54.625437,-,[1312],0,rejected,no,15,0
54.667104,-,[389],0,rejected,no,17,0
54.708771,-,[1107],0,rejected,no,18,0
54.750438,-,[1178],0,rejected,no,19,0
54.792105,-,[411],0,rejected,no,21,0
54.833772,-,[984],0,rejected,no,22,0
54.875439,-,[1068],0,rejected,no,23,0
54.917106,-,[373],0,rejected,no,27,0
54.958773,-,[1391],0,rejected,no,28,0
55.00044,-,[1483],0,rejected,no,29,0
55.042107,-,[275],0,rejected,no,31,0
55.083774,-,[1432],0,rejected,no,32,0
55.125441,-,[1397],0,rejected,no,33,0
55.167108,-,[542],0,rejected,no,35,0
55.208775,-,[1496],0,rejected,no,36,0
55.250442,-,[1419],0,rejected,no,37,0
55.292109,-,[424],0,rejected,no,39,0
55.333776,-,[1374],0,rejected,no,40,0
55.375443,-,[1447],0,rejected,no,41,0
55.41711,-,[417],0,rejected,no,45,0
55.458777,-,[1403],0,rejected,no,46,0
55.500444,-,[1416],0,rejected,no,47,0
55.542111,-,[533],0,rejected,no,49,0
55.583778,-,[1433],0,rejected,no,50,0
55.625445,-,[1465],0,rejected,no,51,0
55.667112,-,[358],0,rejected,no,53,0
55.708779,-,[1340],0,rejected,no,54,0
55.750446,-,[1346],0,rejected,no,55,0
55.792113,-,[465],0,rejected,no,57,0
55.83378,-,[1444],0,rejected,no,58,0
55.875447,-,[1491],0,rejected,no,59,0
55.917114,-,[373],0,rejected,no,63,0
55.958781,-,[1],0,rejected,no,65,0
56.000448,-,[51],0,rejected,no,67,0
56.042115,-,[486],0,rejected,no,69,0
56.083782,-,[1299],0,rejected,no,70,0
56.125449,-,[1358],0,rejected,no,71,0
56.167116,-,[357],0,rejected,no,73,0
56.208783,-,[1179],0,rejected,no,74,0
56.25045,-,[1174],0,rejected,no,75,0
56.292117,-,[208],0,rejected,no,77,0
56.333784,-,[1356],0,rejected,no,78,0
56.375451,-,[1435],0,rejected,no,79,0
56.417118,-,[404],0,rejected,no,83,0
56.458785,-,[1489],0,rejected,no,84,0
56.500452,-,[1453],0,rejected,no,85,0
56.542119,-,[731],0,rejected,no,87,0
56.583786,-,[210],0,rejected,no,89,0
56.625453,-,[136],0,rejected,no,91,0
56.66712,-,[1196],0,rejected,no,93,0
56.708787,-,[318],0,rejected,no,95,0
56.750454,-,[259],0,rejected,no,97,0
56.792121,-,[1207],0,rejected,no,99,0
56.833788,-,[284],0,rejected,no,101,0
56.875455,-,[283],0,rejected,no,103,0
56.917122,-,[113],0,rejected,no,107,0
56.958789,-,[141],0,rejected,no,109,0
57.000456,-,[280],0,rejected,no,111,0
57.042123,-,[1211],0,rejected,no,113,0
57.08379,-,[205],0,rejected,no,115,0
57.125457,-,[157],0,rejected,no,117,0
57.167124,-,[1016],0,rejected,no,119,0
57.208791,-,[245],0,rejected,no,121,0
57.250458,-,[279],0,rejected,no,123,0
57.292125,-,[1232],0,rejected,no,125,0
57.333792,-,[184],0,rejected,no,127,0
57.375459,-,[227],0,rejected,no,129,0
57.417126,-,[295],0,rejected,no,133,0
57.458793,-,[195],0,rejected,no,135,0
57.50046,-,[181],0,rejected,no,137,0
57.542127,-,[886],0,rejected,no,139,0
57.583794,-,[163],0,rejected,no,141,0
57.625461,-,[141],0,rejected,no,143,0
57.667128,-,[821],0,rejected,no,145,0
57.708795,-,[226],0,rejected,no,147,0
57.750462,-,[77],0,rejected,no,149,0
57.792129,-,[850],0,rejected,no,151,0
57.833796,-,[241],0,rejected,no,153,0
57.875463,-,[196],0,rejected,no,155,0
57.91713,-,[734],0,rejected,no,159,0
57.958797,-,[69],0,rejected,no,161,0
58.000464,-,[1365],0,rejected,no,162,0
58.042131,-,[615],0,rejected,no,164,0
58.083798,-,[1171],0,rejected,no,165,0
58.125465,-,[1285],0,rejected,no,166,0
58.167132,-,[489],0,rejected,no,168,0
58.208799,-,[1264],0,rejected,no,169,0
58.250466,-,[110],0,rejected,no,171,0
58.292133,-,[580],0,rejected,no,173,0
58.3338,-,[1170],0,rejected,no,174,0
58.375467,-,[1174],0,rejected,no,175,0
58.417134,-,[1092],0,rejected,no,179,0
58.458801,-,[1496],0,rejected,no,180,0
58.500468,-,[103],0,rejected,no,182,0
58.542135,-,[777],0,rejected,no,184,0
58.583802,-,[48],0,rejected,no,186,0
58.625469,-,[1411],0,rejected,no,187,0
58.667136,-,[755],0,rejected,no,189,0
58.708803,-,[1206],0,rejected,no,190,0
58.75047,-,[1341],0,rejected,no,191,0
58.792137,-,[387],0,rejected,no,193,0
58.833804,-,[965],0,rejected,no,194,0
58.875471,-,[1115],0,rejected,no,195,0
58.917138,-,[1411],0,rejected,no,199,0
58.958805,-,[1237],0,rejected,no,200,0
59.000472,-,[1146],0,rejected,no,201,0
59.042139,-,[625],0,rejected,no,203,0
59.083806,-,[60],0,rejected,no,205,0
59.125473,-,[1453],0,rejected,no,206,0
59.16714,-,[544],0,rejected,no,208,0
59.208807,-,[23],0,rejected,no,210,0
59.250474,-,[124],0,rejected,no,212,0
59.292141,-,[841],0,rejected,no,214,0
59.333808,-,[191],0,rejected,no,216,0
59.375475,-,[162],0,rejected,no,218,0
59.417142,-,[1431],0,rejected,no,222,0
59.458809,-,[1361],0,rejected,no,223,0
59.500476,-,[1372],0,rejected,no,224,0
59.542143,-,[472],0,rejected,no,226,0
59.58381,-,[1297],0,rejected,no,227,0
59.625477,-,[1157],0,rejected,no,228,0
59.667144,-,[248],0,rejected,no,230,0
59.708811,-,[1262],0,rejected,no,231,0
59.750478,-,[1173],0,rejected,no,232,0
59.792145,-,[372],0,rejected,no,234,0
59.833812,-,[1398],0,rejected,no,235,0
59.875479,-,[1448],0,rejected,no,236,0
59.917146,-,[1351],0,rejected,no,240,0
59.958813,-,[1350],0,rejected,no,241,0
